Municipality,County,MRI Score,Latitude,Longitude,Bing Search Link
Aberdeen township,Monmouth,2.33,40.4071138,-74.2216287,https://www.bing.com/search?q=Aberdeen township+New Jersey
Absecon city,Atlantic,-2.94,39.43624115,-74.51787131919258,https://www.bing.com/search?q=Absecon city+New Jersey
Alexandria township,Hunterdon,3.95,40.5914175,-75.01282448445767,https://www.bing.com/search?q=Alexandria township+New Jersey
Allamuchy township,Warren,4.03,40.921765,-74.8101665,https://www.bing.com/search?q=Allamuchy township+New Jersey
Alloway township,Salem,0.83,39.5608569,-75.3623971,https://www.bing.com/search?q=Alloway township+New Jersey
Andover borough,Sussex,-1.39,40.98887495,-74.74199103927825,https://www.bing.com/search?q=Andover borough+New Jersey
Andover township,Sussex,0.94,41.0156092,-74.7297505,https://www.bing.com/search?q=Andover township+New Jersey
Atlantic City city,Atlantic,-20.13,39.3642852,-74.4229351,https://www.bing.com/search?q=Atlantic City city+New Jersey
Avon-by-the-Sea borough,Monmouth,2.42,40.19075925,-74.02312894672164,https://www.bing.com/search?q=Avon-by-the-Sea borough+New Jersey
Barnegat Light borough,Ocean,5.19,39.75841455,-74.10488950430846,https://www.bing.com/search?q=Barnegat Light borough+New Jersey
Barnegat township,Ocean,-1.16,39.7531754,-74.2229179,https://www.bing.com/search?q=Barnegat township+New Jersey
Bass River township,Burlington,-5.41,39.5926182,-74.4426494,https://www.bing.com/search?q=Bass River township+New Jersey
Bayonne city,Hudson,-5.16,40.6683682,-74.1171196,https://www.bing.com/search?q=Bayonne city+New Jersey
Beach Haven borough,Ocean,-0.05,39.562786900000006,-74.24110928980448,https://www.bing.com/search?q=Beach Haven borough+New Jersey
Bedminster township,Somerset,3.94,40.6741476,-74.6809503,https://www.bing.com/search?q=Bedminster township+New Jersey
Berkeley township,Ocean,-2.15,39.8979458,-74.1807001,https://www.bing.com/search?q=Berkeley township+New Jersey
Berlin borough,Camden,0.1,39.795699,-74.95036142554002,https://www.bing.com/search?q=Berlin borough+New Jersey
Berlin township,Camden,0.31,39.8092374,-74.9418173,https://www.bing.com/search?q=Berlin township+New Jersey
Bernards township,Somerset,4.91,40.676207,-74.56335484708535,https://www.bing.com/search?q=Bernards township+New Jersey
Bethlehem township,Hunterdon,3.82,40.66859885,-75.01027786434364,https://www.bing.com/search?q=Bethlehem township+New Jersey
Beverly city,Burlington,-5.13,40.0635699,-74.9200392,https://www.bing.com/search?q=Beverly city+New Jersey
Blairstown township,Warren,1.34,40.9886564,-74.9766032,https://www.bing.com/search?q=Blairstown township+New Jersey
Bloomfield township,Essex,-0.58,40.27178525,-74.34109852298585,https://www.bing.com/search?q=Bloomfield township+New Jersey
Bloomingdale borough,Passaic,-0.88,41.00776785,-74.33925043848214,https://www.bing.com/search?q=Bloomingdale borough+New Jersey
Bogota borough,Bergen,0.4,40.8792687,-74.0298539,https://www.bing.com/search?q=Bogota borough+New Jersey
Boonton township,Morris,4.11,40.9314543,-74.4291549,https://www.bing.com/search?q=Boonton township+New Jersey
Bordentown city,Burlington,0.14,40.1557031,-74.7098080866995,https://www.bing.com/search?q=Bordentown city+New Jersey
Bordentown township,Burlington,3.79,40.1480628,-74.6946311,https://www.bing.com/search?q=Bordentown township+New Jersey
Bound Brook borough,Somerset,-1.91,40.56452345,-74.52956456758457,https://www.bing.com/search?q=Bound Brook borough+New Jersey
Bradley Beach borough,Monmouth,0.4,40.20439035,-74.01778747827748,https://www.bing.com/search?q=Bradley Beach borough+New Jersey
Branchburg township,Somerset,4.75,40.5688245,-74.70027388974506,https://www.bing.com/search?q=Branchburg township+New Jersey
Branchville borough,Sussex,-0.96,41.14960085,-74.74776564988866,https://www.bing.com/search?q=Branchville borough+New Jersey
Brick township,Ocean,0.75,40.0707244,-74.1280562,https://www.bing.com/search?q=Brick township+New Jersey
Bridgeton city,Cumberland,-18.46,39.44091815,-75.24042583183156,https://www.bing.com/search?q=Bridgeton city+New Jersey
Bridgewater township,Somerset,3.62,40.5931225,-74.604954,https://www.bing.com/search?q=Bridgewater township+New Jersey
Brielle borough,Monmouth,4.74,40.1111487,-74.0587124,https://www.bing.com/search?q=Brielle borough+New Jersey
Brigantine city,Atlantic,-1.58,39.3745275,-74.4411156,https://www.bing.com/search?q=Brigantine city+New Jersey
Buena Vista township,Atlantic,-5.04,39.5137271,-74.9246151,https://www.bing.com/search?q=Buena Vista township+New Jersey
Burlington city,Burlington,-5.5,40.070553399999994,-74.85144872749761,https://www.bing.com/search?q=Burlington city+New Jersey
Burlington township,Burlington,-0.99,40.072587,-74.88700755838619,https://www.bing.com/search?q=Burlington township+New Jersey
Byram township,Sussex,3.17,40.960173999999995,-74.71829555873032,https://www.bing.com/search?q=Byram township+New Jersey
Caldwell borough,Essex,3.13,40.861193400000005,-74.26164769545585,https://www.bing.com/search?q=Caldwell borough+New Jersey
Califon borough,Hunterdon,2.27,40.7247191,-74.83915626136846,https://www.bing.com/search?q=Califon borough+New Jersey
Camden city,Camden,-27.82,39.94483995,-75.11996184462943,https://www.bing.com/search?q=Camden city+New Jersey
Cape May city,Cape May,-4.87,38.93446795,-74.92086072352615,https://www.bing.com/search?q=Cape May city+New Jersey
Carneys Point township,Salem,-5.22,39.7112247,-75.4701961,https://www.bing.com/search?q=Carneys Point township+New Jersey
Cedar Grove township,Essex,3.74,39.7020582,-75.2307395,https://www.bing.com/search?q=Cedar Grove township+New Jersey
Chatham borough,Morris,7.73,40.7384937,-74.3848866,https://www.bing.com/search?q=Chatham borough+New Jersey
Chatham township,Morris,7.01,40.73012395,-74.42511147170626,https://www.bing.com/search?q=Chatham township+New Jersey
Cherry Hill township,Camden,1.79,39.9348351,-75.0307264,https://www.bing.com/search?q=Cherry Hill township+New Jersey
Chester township,Morris,6.22,40.78028655,-74.66720906321275,https://www.bing.com/search?q=Chester township+New Jersey
Chesterfield township,Burlington,4.36,40.1153966,-74.6412727,https://www.bing.com/search?q=Chesterfield township+New Jersey
Cinnaminson township,Burlington,3.2,39.9967789,-74.99267,https://www.bing.com/search?q=Cinnaminson township+New Jersey
City of Orange township,Essex,-10.58,40.7678002,-74.2390447,https://www.bing.com/search?q=City of Orange township+New Jersey
Clifton city,Passaic,-2.15,40.86809315,-74.1614352564055,https://www.bing.com/search?q=Clifton city+New Jersey
Clinton township,Hunterdon,4.08,40.63378,-74.85031410412654,https://www.bing.com/search?q=Clinton township+New Jersey
Collingswood borough,Camden,-0.83,39.9162044,-75.0698619,https://www.bing.com/search?q=Collingswood borough+New Jersey
Colts Neck township,Monmouth,5.65,40.2876108,-74.1723652,https://www.bing.com/search?q=Colts Neck township+New Jersey
Commercial township,Cumberland,-9.83,39.2774803,-75.0434781,https://www.bing.com/search?q=Commercial township+New Jersey
Corbin City city,Atlantic,-3.36,39.3034484,-74.7557193,https://www.bing.com/search?q=Corbin City city+New Jersey
Cranbury township,Middlesex,6.13,40.3133907,-74.5201927,https://www.bing.com/search?q=Cranbury township+New Jersey
Cranford township,Union,4.22,39.873855,-74.9926581362502,https://www.bing.com/search?q=Cranford township+New Jersey
Cresskill borough,Bergen,4.46,40.938647700000004,-73.96488949544074,https://www.bing.com/search?q=Cresskill borough+New Jersey
Deerfield township,Cumberland,-1.54,39.4774132,-75.14272867554871,https://www.bing.com/search?q=Deerfield township+New Jersey
Delanco township,Burlington,0.3,40.0506669,-74.9535016,https://www.bing.com/search?q=Delanco township+New Jersey
Delaware township,Hunterdon,5.08,40.448254500000004,-74.94148642169498,https://www.bing.com/search?q=Delaware township+New Jersey
Delran township,Burlington,1.5,40.0154905,-74.9550416,https://www.bing.com/search?q=Delran township+New Jersey
Dennis township,Cape May,0.21,39.214036899999996,-74.88463424600567,https://www.bing.com/search?q=Dennis township+New Jersey
Denville township,Morris,3.96,40.8922694,-74.4774255,https://www.bing.com/search?q=Denville township+New Jersey
Deptford township,Gloucester,-1.48,39.8271755,-75.1235892,https://www.bing.com/search?q=Deptford township+New Jersey
Dover town,Morris,-5.55,40.885539550000004,-74.55903028736145,https://www.bing.com/search?q=Dover town+New Jersey
Downe township,Cumberland,-5.09,39.2950018,-75.1349629,https://www.bing.com/search?q=Downe township+New Jersey
Dumont borough,Bergen,1.7,40.93810725,-73.99530076575454,https://www.bing.com/search?q=Dumont borough+New Jersey
Eagleswood township,Ocean,-0.8,39.6548979,-74.291598,https://www.bing.com/search?q=Eagleswood township+New Jersey
East Amwell township,Hunterdon,3.79,40.4432331,-74.814333,https://www.bing.com/search?q=East Amwell township+New Jersey
East Brunswick township,Middlesex,2.3,40.4278841,-74.415984,https://www.bing.com/search?q=East Brunswick township+New Jersey
East Greenwich township,Gloucester,4.61,39.79203325,-75.2401093128752,https://www.bing.com/search?q=East Greenwich township+New Jersey
East Hanover township,Morris,3.59,40.8258593,-74.3563284721522,https://www.bing.com/search?q=East Hanover township+New Jersey
East Orange city,Essex,-9.92,40.76162925,-74.2099793767764,https://www.bing.com/search?q=East Orange city+New Jersey
East Windsor township,Mercer,1.42,40.2682199,-74.5409597,https://www.bing.com/search?q=East Windsor township+New Jersey
Eastampton township,Burlington,2.29,40.0006328,-74.7464824,https://www.bing.com/search?q=Eastampton township+New Jersey
Edgewater Park township,Burlington,-4.93,40.0533715,-74.91267710973293,https://www.bing.com/search?q=Edgewater Park township+New Jersey
Edison township,Middlesex,1.37,40.5286106,-74.3945491995122,https://www.bing.com/search?q=Edison township+New Jersey
Egg Harbor City city,Atlantic,-14.93,39.5287282,-74.6479364,https://www.bing.com/search?q=Egg Harbor City city+New Jersey
Egg Harbor township,Atlantic,-2.5,39.3820672,-74.6171489,https://www.bing.com/search?q=Egg Harbor township+New Jersey
Elizabeth city,Union,-8.95,40.6636218,-74.21208174627972,https://www.bing.com/search?q=Elizabeth city+New Jersey
Elk township,Gloucester,1.02,39.6647035,-75.14992464999463,https://www.bing.com/search?q=Elk township+New Jersey
Elsinboro township,Salem,-2.13,39.53522575,-75.49797015075177,https://www.bing.com/search?q=Elsinboro township+New Jersey
Estell Manor city,Atlantic,-1.8,39.316117,-74.768411,https://www.bing.com/search?q=Estell Manor city+New Jersey
Evesham township,Burlington,3.24,39.851752,-74.89174118371643,https://www.bing.com/search?q=Evesham township+New Jersey
Ewing township,Mercer,-2.06,40.259987,-74.7909216,https://www.bing.com/search?q=Ewing township+New Jersey
Fairfield township,Cumberland,-8.13,39.3889618,-75.2141953,https://www.bing.com/search?q=Fairfield township+New Jersey
Fairfield township,Essex,0.44,39.3889618,-75.2141953,https://www.bing.com/search?q=Fairfield township+New Jersey
Fanwood borough,Union,5.86,40.641964,-74.38937260493381,https://www.bing.com/search?q=Fanwood borough+New Jersey
Fieldsboro borough,Burlington,-1.84,40.13761065,-74.73086721048716,https://www.bing.com/search?q=Fieldsboro borough+New Jersey
Florence township,Burlington,0.23,40.1027969,-74.791527,https://www.bing.com/search?q=Florence township+New Jersey
Frankford township,Sussex,1.75,41.1662296,-74.733885353246,https://www.bing.com/search?q=Frankford township+New Jersey
Franklin borough,Sussex,-2.07,41.01944055,-74.19841219326841,https://www.bing.com/search?q=Franklin borough+New Jersey
Franklin Lakes borough,Bergen,5.6,41.01944055,-74.19841219326841,https://www.bing.com/search?q=Franklin Lakes borough+New Jersey
Franklin township,Gloucester,-2.74,40.4784936,-74.5392118,https://www.bing.com/search?q=Franklin township+New Jersey
Franklin township,Somerset,0.9,40.4784936,-74.5392118,https://www.bing.com/search?q=Franklin township+New Jersey
Franklin township,Warren,2.25,40.4784936,-74.5392118,https://www.bing.com/search?q=Franklin township+New Jersey
Franklin township,Hunterdon,4.56,40.4784936,-74.5392118,https://www.bing.com/search?q=Franklin township+New Jersey
Fredon township,Sussex,2.57,41.0392638,-74.8087781,https://www.bing.com/search?q=Fredon township+New Jersey
Freehold borough,Monmouth,-5.75,40.2590562,-74.27653130182544,https://www.bing.com/search?q=Freehold borough+New Jersey
Freehold township,Monmouth,2.37,40.2161336,-74.283856,https://www.bing.com/search?q=Freehold township+New Jersey
Frelinghuysen township,Warren,2.58,40.9646546,-74.88762399368748,https://www.bing.com/search?q=Frelinghuysen township+New Jersey
Galloway township,Atlantic,-1.54,39.4646097,-74.4986142,https://www.bing.com/search?q=Galloway township+New Jersey
Garfield city,Bergen,-5.86,40.8816667,-74.1138889,https://www.bing.com/search?q=Garfield city+New Jersey
Glen Gardner borough,Hunterdon,0.78,40.69957075,-74.94365215,https://www.bing.com/search?q=Glen Gardner borough+New Jersey
Glen Ridge borough,Essex,7.3,40.801525049999995,-74.2039762921476,https://www.bing.com/search?q=Glen Ridge borough+New Jersey
Gloucester City city,Camden,-7.88,39.8918622,-75.1161897,https://www.bing.com/search?q=Gloucester City city+New Jersey
Gloucester township,Camden,-0.99,39.7892305,-75.04765195947174,https://www.bing.com/search?q=Gloucester township+New Jersey
Green Brook township,Somerset,4.02,40.5990901,-74.4731408,https://www.bing.com/search?q=Green Brook township+New Jersey
Green township,Sussex,4.36,40.9659625,-74.78707478363543,https://www.bing.com/search?q=Green township+New Jersey
Greenwich township,Gloucester,-1.5,40.67790075,-75.11479385532924,https://www.bing.com/search?q=Greenwich township+New Jersey
Greenwich township,Cumberland,0.38,40.67790075,-75.11479385532924,https://www.bing.com/search?q=Greenwich township+New Jersey
Greenwich township,Warren,4.75,40.67790075,-75.11479385532924,https://www.bing.com/search?q=Greenwich township+New Jersey
Hackensack city,Bergen,-3.86,40.8854339,-74.0442526,https://www.bing.com/search?q=Hackensack city+New Jersey
Haddon Heights borough,Camden,3.09,39.8818071,-75.0598383,https://www.bing.com/search?q=Haddon Heights borough+New Jersey
Haddon township,Camden,2.47,39.8976132,-75.0960074,https://www.bing.com/search?q=Haddon township+New Jersey
Hainesport township,Burlington,3.45,39.971116499999994,-74.83880904001322,https://www.bing.com/search?q=Hainesport township+New Jersey
Haledon borough,Passaic,-4.9,40.9537092,-74.1829225,https://www.bing.com/search?q=Haledon borough+New Jersey
Hamilton township,Atlantic,-3.01,40.2307818,-74.7236162,https://www.bing.com/search?q=Hamilton township+New Jersey
Hamilton township,Mercer,0.12,40.2307818,-74.7236162,https://www.bing.com/search?q=Hamilton township+New Jersey
Hampton borough,Hunterdon,-4.24,40.7096223,-74.96757579890087,https://www.bing.com/search?q=Hampton borough+New Jersey
Hampton township,Sussex,1.16,41.0921316,-74.7801264,https://www.bing.com/search?q=Hampton township+New Jersey
Hanover township,Morris,4.01,40.8174216,-74.3954057,https://www.bing.com/search?q=Hanover township+New Jersey
Harding township,Morris,4.27,40.743646999999996,-74.50209228840029,https://www.bing.com/search?q=Harding township+New Jersey
Hardwick township,Warren,0.91,41.054541,-74.9321157,https://www.bing.com/search?q=Hardwick township+New Jersey
Hardyston township,Sussex,0.84,41.1267665,-74.57171525400645,https://www.bing.com/search?q=Hardyston township+New Jersey
Harmony township,Warren,1.33,40.746765,-75.1373974,https://www.bing.com/search?q=Harmony township+New Jersey
Harrison township,Gloucester,3.84,39.7225865,-75.20161418315442,https://www.bing.com/search?q=Harrison township+New Jersey
Harvey Cedars borough,Ocean,5.95,39.705007050000006,-74.1352843776035,https://www.bing.com/search?q=Harvey Cedars borough+New Jersey
Hawthorne borough,Passaic,1.23,40.8600846,-73.984704,https://www.bing.com/search?q=Hawthorne borough+New Jersey
Hazlet township,Monmouth,1.67,40.4292165,-74.1648999,https://www.bing.com/search?q=Hazlet township+New Jersey
High Bridge borough,Hunterdon,-1.5,40.6621904,-74.89929357201196,https://www.bing.com/search?q=High Bridge borough+New Jersey
Highland Park borough,Middlesex,-0.93,40.49739595,-74.4221107107122,https://www.bing.com/search?q=Highland Park borough+New Jersey
Hillsborough township,Somerset,4.29,40.5052296,-74.6732941,https://www.bing.com/search?q=Hillsborough township+New Jersey
Hoboken city,Hudson,3.77,40.737241,-74.03135906555023,https://www.bing.com/search?q=Hoboken city+New Jersey
Holland township,Hunterdon,3.16,40.598047050000005,-75.12384117077625,https://www.bing.com/search?q=Holland township+New Jersey
Holmdel township,Monmouth,4.55,40.3451095,-74.1840322,https://www.bing.com/search?q=Holmdel township+New Jersey
Hopatcong borough,Sussex,1.29,40.933733849999996,-74.65953542181204,https://www.bing.com/search?q=Hopatcong borough+New Jersey
Hope township,Warren,0.45,40.8986819,-74.98399130649642,https://www.bing.com/search?q=Hope township+New Jersey
Hopewell borough,Mercer,3.73,40.38739915,-74.7692767,https://www.bing.com/search?q=Hopewell borough+New Jersey
Hopewell township,Cumberland,-0.29,40.3435303,-74.8166318,https://www.bing.com/search?q=Hopewell township+New Jersey
Hopewell township,Mercer,4.75,40.3435303,-74.8166318,https://www.bing.com/search?q=Hopewell township+New Jersey
Howell township,Monmouth,2.61,40.1413032,-74.2236618,https://www.bing.com/search?q=Howell township+New Jersey
Independence township,Warren,1.94,40.882461,-74.87561790474271,https://www.bing.com/search?q=Independence township+New Jersey
Irvington township,Essex,-9.22,39.7651267,-74.1988986,https://www.bing.com/search?q=Irvington township+New Jersey
Jackson township,Ocean,1.28,40.1151766,-74.3647772,https://www.bing.com/search?q=Jackson township+New Jersey
Jefferson township,Morris,1.02,40.99359485,-74.56260184193329,https://www.bing.com/search?q=Jefferson township+New Jersey
Jersey City city,Hudson,-4.94,40.7215682,-74.047455,https://www.bing.com/search?q=Jersey City city+New Jersey
Kingwood township,Hunterdon,3.99,40.4698261,-75.0190585,https://www.bing.com/search?q=Kingwood township+New Jersey
Kinnelon borough,Morris,4.65,41.0062938,-74.36886264825667,https://www.bing.com/search?q=Kinnelon borough+New Jersey
Knowlton township,Warren,0.03,40.92334905,-75.05139914939431,https://www.bing.com/search?q=Knowlton township+New Jersey
Lacey township,Ocean,1.5,39.8726184,-74.2951444,https://www.bing.com/search?q=Lacey township+New Jersey
Lafayette township,Sussex,1.01,41.10752,-74.68861431929241,https://www.bing.com/search?q=Lafayette township+New Jersey
Lakewood township,Ocean,-4.01,40.0978929,-74.2176435,https://www.bing.com/search?q=Lakewood township+New Jersey
Lambertville city,Hunterdon,1.91,40.36769765,-74.94043560994092,https://www.bing.com/search?q=Lambertville city+New Jersey
Lawrence township,Cumberland,-6.35,40.2774754,-74.7296047,https://www.bing.com/search?q=Lawrence township+New Jersey
Lawrence township,Mercer,2.44,40.2774754,-74.7296047,https://www.bing.com/search?q=Lawrence township+New Jersey
Lebanon borough,Hunterdon,2.27,40.6406353,-74.8356167,https://www.bing.com/search?q=Lebanon borough+New Jersey
Lebanon township,Hunterdon,2.74,40.729147,-74.8971220049329,https://www.bing.com/search?q=Lebanon township+New Jersey
Leonia borough,Bergen,2.33,40.8617353,-73.9880495,https://www.bing.com/search?q=Leonia borough+New Jersey
Liberty township,Warren,0.96,40.871117999999996,-74.95178446677608,https://www.bing.com/search?q=Liberty township+New Jersey
Linwood city,Atlantic,1.95,39.353971900000005,-74.57438524384615,https://www.bing.com/search?q=Linwood city+New Jersey
Little Egg Harbor township,Ocean,-0.81,39.6452742,-74.366968,https://www.bing.com/search?q=Little Egg Harbor township+New Jersey
Little Ferry borough,Bergen,-1.96,40.8502575,-74.0439861,https://www.bing.com/search?q=Little Ferry borough+New Jersey
Livingston township,Essex,5.73,41.205859000000004,-74.43375412285596,https://www.bing.com/search?q=Livingston township+New Jersey
Loch Arbour village,Monmouth,5.54,40.2328413,-73.9966327,https://www.bing.com/search?q=Loch Arbour village+New Jersey
Logan township,Gloucester,1.82,39.794784199999995,-75.34883103965379,https://www.bing.com/search?q=Logan township+New Jersey
Long Beach township,Ocean,3.54,39.6162477,-74.1997058,https://www.bing.com/search?q=Long Beach township+New Jersey
Long Hill township,Morris,4.21,40.6883913,-74.4961781,https://www.bing.com/search?q=Long Hill township+New Jersey
Longport borough,Atlantic,3.98,39.31197845,-74.52732273183616,https://www.bing.com/search?q=Longport borough+New Jersey
Lopatcong township,Warren,0.36,40.7133388,-75.1601985,https://www.bing.com/search?q=Lopatcong township+New Jersey
Lower Alloways Creek township,Salem,-1.06,39.5005387,-75.4367007,https://www.bing.com/search?q=Lower Alloways Creek township+New Jersey
Lower township,Cape May,-3.82,38.973965,-74.9249245,https://www.bing.com/search?q=Lower township+New Jersey
Lumberton township,Burlington,1.06,39.9659459,-74.8051628,https://www.bing.com/search?q=Lumberton township+New Jersey
Lyndhurst township,Bergen,-0.52,40.0245554,-74.3048078,https://www.bing.com/search?q=Lyndhurst township+New Jersey
Madison borough,Morris,4.32,40.75188245,-74.40104745,https://www.bing.com/search?q=Madison borough+New Jersey
Manalapan township,Monmouth,3.91,40.2852895,-74.333495,https://www.bing.com/search?q=Manalapan township+New Jersey
Manasquan borough,Monmouth,4.79,40.1165842,-74.0534506,https://www.bing.com/search?q=Manasquan borough+New Jersey
Manchester township,Ocean,-2.58,39.9734957,-74.3816966,https://www.bing.com/search?q=Manchester township+New Jersey
Mannington township,Salem,-2.32,39.6179446,-75.39813170886359,https://www.bing.com/search?q=Mannington township+New Jersey
Mansfield township,Warren,0.69,40.0912221,-74.7137709,https://www.bing.com/search?q=Mansfield township+New Jersey
Mansfield township,Burlington,2.83,40.0912221,-74.7137709,https://www.bing.com/search?q=Mansfield township+New Jersey
Mantoloking borough,Ocean,9.23,40.03723755,-74.05159604480312,https://www.bing.com/search?q=Mantoloking borough+New Jersey
Mantua township,Gloucester,1.17,39.7940026,-75.1721232,https://www.bing.com/search?q=Mantua township+New Jersey
Maple Shade township,Burlington,-1.72,39.9526127,-74.9923915,https://www.bing.com/search?q=Maple Shade township+New Jersey
Maplewood township,Essex,3.91,40.251332149999996,-74.28878944299761,https://www.bing.com/search?q=Maplewood township+New Jersey
Margate City city,Atlantic,2.14,39.327894,-74.5034858,https://www.bing.com/search?q=Margate City city+New Jersey
Marlboro township,Monmouth,4.85,40.3153877,-74.2462564,https://www.bing.com/search?q=Marlboro township+New Jersey
Matawan borough,Monmouth,1.38,40.4098052,-74.2319013,https://www.bing.com/search?q=Matawan borough+New Jersey
Maurice River township,Cumberland,-8.53,39.231781,-75.0287888,https://www.bing.com/search?q=Maurice River township+New Jersey
Maywood borough,Bergen,1.3,40.9043935,-74.06013018721049,https://www.bing.com/search?q=Maywood borough+New Jersey
Medford township,Burlington,4.86,39.9009472,-74.8234961,https://www.bing.com/search?q=Medford township+New Jersey
Mendham borough,Morris,6.16,40.7786615,-74.6020697,https://www.bing.com/search?q=Mendham borough+New Jersey
Mendham township,Morris,7.31,40.778723150000005,-74.56430241294552,https://www.bing.com/search?q=Mendham township+New Jersey
Middle township,Cape May,-5.68,39.1190651,-74.8458744,https://www.bing.com/search?q=Middle township+New Jersey
Middletown township,Monmouth,3.22,40.3942754,-74.117086,https://www.bing.com/search?q=Middletown township+New Jersey
Millburn township,Essex,7.42,40.724491900000004,-74.30984581595237,https://www.bing.com/search?q=Millburn township+New Jersey
Millstone township,Monmouth,4.8,40.2023684,-74.4079671,https://www.bing.com/search?q=Millstone township+New Jersey
Millville city,Cumberland,-8.03,39.3209485,-74.7709978,https://www.bing.com/search?q=Millville city+New Jersey
Mine Hill township,Morris,1.75,41.1178522,-74.5870801,https://www.bing.com/search?q=Mine Hill township+New Jersey
Monroe township,Gloucester,-1.24,40.335756,-74.4334464,https://www.bing.com/search?q=Monroe township+New Jersey
Monroe township,Middlesex,2.51,40.335756,-74.4334464,https://www.bing.com/search?q=Monroe township+New Jersey
Montague township,Sussex,-0.21,41.3031498,-74.7934993,https://www.bing.com/search?q=Montague township+New Jersey
Montclair township,Essex,3.57,39.7631027,-74.1945872,https://www.bing.com/search?q=Montclair township+New Jersey
Montgomery township,Somerset,6.4,40.4564037,-74.6594773,https://www.bing.com/search?q=Montgomery township+New Jersey
Montville township,Morris,4.78,40.9148209,-74.383763,https://www.bing.com/search?q=Montville township+New Jersey
Moorestown township,Burlington,4.08,39.9670569,-74.9426677,https://www.bing.com/search?q=Moorestown township+New Jersey
Morris Plains borough,Morris,3.18,40.833605649999996,-74.46687417245721,https://www.bing.com/search?q=Morris Plains borough+New Jersey
Morris township,Morris,5.15,40.798799,-74.5208468796373,https://www.bing.com/search?q=Morris township+New Jersey
Morristown town,Morris,0.69,40.7970382,-74.4809868,https://www.bing.com/search?q=Morristown town+New Jersey
Mount Arlington borough,Morris,1.25,40.9309139,-74.63163506739923,https://www.bing.com/search?q=Mount Arlington borough+New Jersey
Mount Holly township,Burlington,-8.57,39.9928898,-74.7876624,https://www.bing.com/search?q=Mount Holly township+New Jersey
Mount Laurel township,Burlington,2.75,39.934002,-74.8909988,https://www.bing.com/search?q=Mount Laurel township+New Jersey
Mount Olive township,Morris,1.35,40.8519579,-74.7890673,https://www.bing.com/search?q=Mount Olive township+New Jersey
Mullica township,Atlantic,-4.53,39.5777443,-74.7172708,https://www.bing.com/search?q=Mullica township+New Jersey
Neptune township,Monmouth,-1.89,40.2239981,-74.0478216,https://www.bing.com/search?q=Neptune township+New Jersey
New Brunswick city,Middlesex,-12.57,40.49389805,-74.44565055364733,https://www.bing.com/search?q=New Brunswick city+New Jersey
New Hanover township,Burlington,-3.86,40.023011499999996,-74.57868627199797,https://www.bing.com/search?q=New Hanover township+New Jersey
Newark city,Essex,-13.33,40.7317764,-74.17360430516698,https://www.bing.com/search?q=Newark city+New Jersey
Newton town,Sussex,-4.14,41.0582503,-74.74973903374999,https://www.bing.com/search?q=Newton town+New Jersey
North Bergen township,Hudson,-5.62,40.286739,-74.411542,https://www.bing.com/search?q=North Bergen township+New Jersey
North Brunswick township,Middlesex,-0.73,40.445601350000004,-74.48929600038443,https://www.bing.com/search?q=North Brunswick township+New Jersey
North Caldwell borough,Essex,6.46,40.861193400000005,-74.26164769545585,https://www.bing.com/search?q=North Caldwell borough+New Jersey
North Haledon borough,Passaic,1.28,40.9537092,-74.1829225,https://www.bing.com/search?q=North Haledon borough+New Jersey
North Hanover township,Burlington,-1.28,40.08801,-74.58573128099007,https://www.bing.com/search?q=North Hanover township+New Jersey
Nutley township,Essex,1.55,41.1754411,-74.4458338,https://www.bing.com/search?q=Nutley township+New Jersey
Oakland borough,Bergen,3.93,41.02394245,-74.24563887408968,https://www.bing.com/search?q=Oakland borough+New Jersey
Ocean township,Ocean,0.91,40.2520408,-74.0461049,https://www.bing.com/search?q=Ocean township+New Jersey
Ocean township,Monmouth,1.64,40.2520408,-74.0461049,https://www.bing.com/search?q=Ocean township+New Jersey
Oceanport borough,Monmouth,2.43,40.312168150000005,-74.03582566444953,https://www.bing.com/search?q=Oceanport borough+New Jersey
Old Bridge township,Middlesex,0.43,40.414071,-74.3042101,https://www.bing.com/search?q=Old Bridge township+New Jersey
Oldmans township,Salem,0.66,39.7567804,-75.4301937,https://www.bing.com/search?q=Oldmans township+New Jersey
Oxford township,Warren,1.08,40.8041113,-74.99966607393654,https://www.bing.com/search?q=Oxford township+New Jersey
Palisades Park borough,Bergen,-0.18,40.855041,-73.998342,https://www.bing.com/search?q=Palisades Park borough+New Jersey
Palmyra borough,Burlington,-0.47,40.0032402,-75.02211078006087,https://www.bing.com/search?q=Palmyra borough+New Jersey
Paramus borough,Bergen,2.5,40.92616975,-74.0699502035427,https://www.bing.com/search?q=Paramus borough+New Jersey
Parsippany-Troy Hills township,Morris,2.09,40.8617005,-74.36537153843796,https://www.bing.com/search?q=Parsippany-Troy Hills township+New Jersey
Passaic city,Passaic,-15.1,40.861021,-74.12329061617089,https://www.bing.com/search?q=Passaic city+New Jersey
Paterson city,Passaic,-16.65,40.9170394,-74.17197468312253,https://www.bing.com/search?q=Paterson city+New Jersey
Paulsboro borough,Gloucester,-9.59,39.8302,-75.2394,https://www.bing.com/search?q=Paulsboro borough+New Jersey
Pemberton borough,Burlington,-5.56,39.97349055,-74.67961629457776,https://www.bing.com/search?q=Pemberton borough+New Jersey
Pemberton township,Burlington,-4.17,39.9548195,-74.59322386338975,https://www.bing.com/search?q=Pemberton township+New Jersey
Pennington borough,Mercer,4.84,40.3297222,-74.7922222,https://www.bing.com/search?q=Pennington borough+New Jersey
Pennsauken township,Camden,-6.55,39.9562238,-75.0579502,https://www.bing.com/search?q=Pennsauken township+New Jersey
Pennsville township,Salem,-4.01,39.6534464,-75.5165881,https://www.bing.com/search?q=Pennsville township+New Jersey
Pequannock township,Morris,2.45,40.9600102,-74.2974765,https://www.bing.com/search?q=Pequannock township+New Jersey
Perth Amboy city,Middlesex,-11.55,40.50638185,-74.26532639972744,https://www.bing.com/search?q=Perth Amboy city+New Jersey
Phillipsburg town,Warren,-8.27,40.6915956,-75.19536771193583,https://www.bing.com/search?q=Phillipsburg town+New Jersey
Pilesgrove township,Salem,-0.52,39.651565000000005,-75.28538586512916,https://www.bing.com/search?q=Pilesgrove township+New Jersey
Piscataway township,Middlesex,0.86,40.5462553,-74.4660408,https://www.bing.com/search?q=Piscataway township+New Jersey
Pittsgrove township,Salem,-1.84,39.528262999999995,-75.13114602622369,https://www.bing.com/search?q=Pittsgrove township+New Jersey
Plainfield city,Union,-8.65,40.6178735,-74.41661407216206,https://www.bing.com/search?q=Plainfield city+New Jersey
Plainsboro township,Middlesex,4.01,40.3334409,-74.6004341,https://www.bing.com/search?q=Plainsboro township+New Jersey
Pleasantville city,Atlantic,-15.54,39.382384650000006,-74.50227166580362,https://www.bing.com/search?q=Pleasantville city+New Jersey
Plumsted township,Ocean,-0.01,40.0500971,-74.4894892,https://www.bing.com/search?q=Plumsted township+New Jersey
Pohatcong township,Warren,1.14,40.639120500000004,-75.15066270732015,https://www.bing.com/search?q=Pohatcong township+New Jersey
Point Pleasant borough,Ocean,2.72,40.077944099999996,-74.06841289944211,https://www.bing.com/search?q=Point Pleasant borough+New Jersey
Princeton,Mercer,4.53,40.3496953,-74.6597376,https://www.bing.com/search?q=Princeton+New Jersey
Quinton township,Salem,-0.86,39.51407639999999,-75.36414226468347,https://www.bing.com/search?q=Quinton township+New Jersey
Rahway city,Union,-2.36,40.60470935,-74.2742865191658,https://www.bing.com/search?q=Rahway city+New Jersey
Randolph township,Morris,4.13,40.844265,-74.58572175018249,https://www.bing.com/search?q=Randolph township+New Jersey
Raritan township,Hunterdon,4.29,40.5042326,-74.8948569,https://www.bing.com/search?q=Raritan township+New Jersey
Readington township,Hunterdon,3.59,40.5687141,-74.7376619,https://www.bing.com/search?q=Readington township+New Jersey
Ridgefield borough,Bergen,1.41,40.836141,-73.99897119332752,https://www.bing.com/search?q=Ridgefield borough+New Jersey
Ridgewood village,Bergen,6.07,40.9795336,-74.1188684,https://www.bing.com/search?q=Ridgewood village+New Jersey
Riverside township,Burlington,-6.34,40.0323338,-74.9573908,https://www.bing.com/search?q=Riverside township+New Jersey
Robbinsville township,Mercer,5.24,40.2162828,-74.619833,https://www.bing.com/search?q=Robbinsville township+New Jersey
Rockaway borough,Morris,-0.24,40.898083549999996,-74.5178823,https://www.bing.com/search?q=Rockaway borough+New Jersey
Rockaway township,Morris,3.69,40.9302182,-74.4871818,https://www.bing.com/search?q=Rockaway township+New Jersey
Roosevelt borough,Monmouth,2.47,40.2212038,-74.4729598,https://www.bing.com/search?q=Roosevelt borough+New Jersey
Roselle borough,Union,-3.96,40.6583306,-74.26370770256875,https://www.bing.com/search?q=Roselle borough+New Jersey
Roxbury township,Morris,1.8,40.874768,-74.6564721,https://www.bing.com/search?q=Roxbury township+New Jersey
Rutherford borough,Bergen,2.53,40.8260991,-74.10834820148561,https://www.bing.com/search?q=Rutherford borough+New Jersey
Saddle Brook township,Bergen,1.51,39.8192263,-74.7870092,https://www.bing.com/search?q=Saddle Brook township+New Jersey
Sandyston township,Sussex,2.68,41.211343549999995,-74.7984879185563,https://www.bing.com/search?q=Sandyston township+New Jersey
Sayreville borough,Middlesex,0.55,40.4637333,-74.36199275040515,https://www.bing.com/search?q=Sayreville borough+New Jersey
Sea Bright borough,Monmouth,2.47,40.3619362,-73.9735419,https://www.bing.com/search?q=Sea Bright borough+New Jersey
Sea Isle City city,Cape May,2.51,39.1548404,-74.6897791,https://www.bing.com/search?q=Sea Isle City city+New Jersey
Seaside Park borough,Ocean,-0.25,39.93512135,-74.07296644943911,https://www.bing.com/search?q=Seaside Park borough+New Jersey
Secaucus town,Hudson,2.23,40.787857450000004,-74.05507768820948,https://www.bing.com/search?q=Secaucus town+New Jersey
Shamong township,Burlington,3.06,39.7824265,-74.73031677562192,https://www.bing.com/search?q=Shamong township+New Jersey
Shrewsbury township,Monmouth,-1.29,40.3120839,-74.0732274,https://www.bing.com/search?q=Shrewsbury township+New Jersey
Somers Point city,Atlantic,-5.4,39.3915262,-74.5621143,https://www.bing.com/search?q=Somers Point city+New Jersey
Somerville borough,Somerset,-1.0,40.57050295,-74.61962193751768,https://www.bing.com/search?q=Somerville borough+New Jersey
South Bound Brook borough,Somerset,-2.14,40.5575489,-74.5277602,https://www.bing.com/search?q=South Bound Brook borough+New Jersey
South Brunswick township,Middlesex,3.45,40.404123049999995,-74.56297792956349,https://www.bing.com/search?q=South Brunswick township+New Jersey
South Harrison township,Gloucester,2.35,39.700469,-75.26023440884146,https://www.bing.com/search?q=South Harrison township+New Jersey
South River borough,Middlesex,-4.18,40.44939105,-74.38121324254053,https://www.bing.com/search?q=South River borough+New Jersey
Southampton township,Burlington,0.2,39.931466,-74.7380885,https://www.bing.com/search?q=Southampton township+New Jersey
Sparta township,Sussex,4.3,41.0401567,-74.6310081,https://www.bing.com/search?q=Sparta township+New Jersey
Springfield township,Burlington,2.82,40.0431682,-74.6454353,https://www.bing.com/search?q=Springfield township+New Jersey
Springfield township,Union,2.92,40.0431682,-74.6454353,https://www.bing.com/search?q=Springfield township+New Jersey
Stafford township,Ocean,1.73,39.7114651,-74.2779616,https://www.bing.com/search?q=Stafford township+New Jersey
Stillwater township,Sussex,2.09,41.081960249999995,-74.8719416755313,https://www.bing.com/search?q=Stillwater township+New Jersey
Stow Creek township,Cumberland,-1.38,39.463100999999995,-75.33703317858384,https://www.bing.com/search?q=Stow Creek township+New Jersey
Surf City borough,Ocean,3.94,39.6604369,-74.16746815823342,https://www.bing.com/search?q=Surf City borough+New Jersey
Sussex borough,Sussex,-4.91,41.205879100000004,-74.6121120374283,https://www.bing.com/search?q=Sussex borough+New Jersey
Tabernacle township,Burlington,1.99,39.8440047,-74.7101587,https://www.bing.com/search?q=Tabernacle township+New Jersey
Teaneck township,Bergen,1.78,40.8860164,-74.0072568,https://www.bing.com/search?q=Teaneck township+New Jersey
Tewksbury township,Hunterdon,5.48,40.68446,-74.77872996732026,https://www.bing.com/search?q=Tewksbury township+New Jersey
Tinton Falls borough,Monmouth,1.23,40.2982823,-74.0908161,https://www.bing.com/search?q=Tinton Falls borough+New Jersey
Toms River township,Ocean,0.13,39.9526791,-74.1968257,https://www.bing.com/search?q=Toms River township+New Jersey
Totowa borough,Passaic,-0.38,40.9070432,-74.2029231,https://www.bing.com/search?q=Totowa borough+New Jersey
Trenton city,Mercer,-16.82,40.2307232,-74.7556166,https://www.bing.com/search?q=Trenton city+New Jersey
Union Beach borough,Monmouth,0.84,40.4393213,-74.17915758404145,https://www.bing.com/search?q=Union Beach borough+New Jersey
Union township,Union,0.03,40.6695453,-74.9240573,https://www.bing.com/search?q=Union township+New Jersey
Union township,Hunterdon,1.81,40.6695453,-74.9240573,https://www.bing.com/search?q=Union township+New Jersey
Upper Deerfield township,Cumberland,-5.66,39.49499095,-75.21500358903744,https://www.bing.com/search?q=Upper Deerfield township+New Jersey
Upper Freehold township,Monmouth,4.96,40.1375693,-74.4939695,https://www.bing.com/search?q=Upper Freehold township+New Jersey
Upper Pittsgrove township,Salem,-1.29,39.61153705,-75.19839172524831,https://www.bing.com/search?q=Upper Pittsgrove township+New Jersey
Upper township,Cape May,2.8,39.217999,-74.7068931,https://www.bing.com/search?q=Upper township+New Jersey
Ventnor City city,Atlantic,-2.6,39.3405045,-74.4773916,https://www.bing.com/search?q=Ventnor City city+New Jersey
Vernon township,Sussex,1.67,41.1984287,-74.4832132,https://www.bing.com/search?q=Vernon township+New Jersey
Verona township,Essex,4.25,40.6424457,-74.4856528,https://www.bing.com/search?q=Verona township+New Jersey
Voorhees township,Camden,1.42,39.8512162,-74.9619779,https://www.bing.com/search?q=Voorhees township+New Jersey
Wall township,Monmouth,3.85,40.1743052,-74.0902219,https://www.bing.com/search?q=Wall township+New Jersey
Walpack township,Sussex,4.28,41.135886400000004,-74.89577700689182,https://www.bing.com/search?q=Walpack township+New Jersey
Wanaque borough,Passaic,0.7,41.0503746,-74.2884822,https://www.bing.com/search?q=Wanaque borough+New Jersey
Wantage township,Sussex,0.35,41.2442617,-74.5507156,https://www.bing.com/search?q=Wantage township+New Jersey
Warren township,Somerset,4.99,40.63065715,-74.52266308479568,https://www.bing.com/search?q=Warren township+New Jersey
Washington borough,Warren,-3.81,40.7631045,-74.98513755638766,https://www.bing.com/search?q=Washington borough+New Jersey
Washington township,Burlington,-1.11,40.9884843,-74.0652437,https://www.bing.com/search?q=Washington township+New Jersey
Washington township,Gloucester,1.63,40.9884843,-74.0652437,https://www.bing.com/search?q=Washington township+New Jersey
Washington township,Warren,1.88,40.9884843,-74.0652437,https://www.bing.com/search?q=Washington township+New Jersey
Washington township,Bergen,4.68,40.9884843,-74.0652437,https://www.bing.com/search?q=Washington township+New Jersey
Washington township,Morris,4.74,40.9884843,-74.0652437,https://www.bing.com/search?q=Washington township+New Jersey
Waterford township,Camden,-2.33,39.7321715,-74.80109551268784,https://www.bing.com/search?q=Waterford township+New Jersey
Wayne township,Passaic,3.05,40.9018775,-74.26336332560871,https://www.bing.com/search?q=Wayne township+New Jersey
Weehawken township,Hudson,0.92,39.8590453,-74.2062003,https://www.bing.com/search?q=Weehawken township+New Jersey
West Amwell township,Hunterdon,3.97,40.3989633,-74.9075666,https://www.bing.com/search?q=West Amwell township+New Jersey
West Deptford township,Gloucester,-0.64,39.832362,-75.1888708,https://www.bing.com/search?q=West Deptford township+New Jersey
West Milford township,Passaic,2.06,41.1293883,-74.36921800417564,https://www.bing.com/search?q=West Milford township+New Jersey
West Windsor township,Mercer,5.21,40.3224396,-74.60027289692613,https://www.bing.com/search?q=West Windsor township+New Jersey
Westampton township,Burlington,1.63,40.0155412,-74.8280828,https://www.bing.com/search?q=Westampton township+New Jersey
Westfield town,Union,6.14,40.6550742,-74.34541515542614,https://www.bing.com/search?q=Westfield town+New Jersey
Weymouth township,Atlantic,-4.42,39.41081595,-74.82452168305988,https://www.bing.com/search?q=Weymouth township+New Jersey
White township,Warren,-0.52,40.822222499999995,-75.03387381831685,https://www.bing.com/search?q=White township+New Jersey
Wildwood city,Cape May,-15.57,38.9865966,-74.82205711170886,https://www.bing.com/search?q=Wildwood city+New Jersey
Wildwood Crest borough,Cape May,-5.59,38.9626747,-74.850841,https://www.bing.com/search?q=Wildwood Crest borough+New Jersey
Willingboro township,Burlington,-3.53,40.0289423,-74.8808221,https://www.bing.com/search?q=Willingboro township+New Jersey
Winfield township,Union,-4.76,40.63507735,-74.28719099705782,https://www.bing.com/search?q=Winfield township+New Jersey
Winslow township,Camden,-4.66,39.6573385,-74.8623868,https://www.bing.com/search?q=Winslow township+New Jersey
Woodbridge township,Middlesex,0.09,40.5576045,-74.2845911,https://www.bing.com/search?q=Woodbridge township+New Jersey
Woodbury city,Gloucester,-6.38,39.8452327,-75.1472368,https://www.bing.com/search?q=Woodbury city+New Jersey
Woodland township,Burlington,-3.83,39.842074999999994,-74.52305759309112,https://www.bing.com/search?q=Woodland township+New Jersey
Woodstown borough,Salem,-1.92,39.6512867,-75.3291382,https://www.bing.com/search?q=Woodstown borough+New Jersey
Woolwich township,Gloucester,2.89,39.741482500000004,-75.34805549921285,https://www.bing.com/search?q=Woolwich township+New Jersey
Wyckoff township,Bergen,5.08,40.2034457,-74.2557009,https://www.bing.com/search?q=Wyckoff township+New Jersey
